year,month,category,segment,total_stock,total_sold,avg_days_of_supply,avg_fill_rate_pct,avg_sell_through_pct,stockout_rate_pct,overstock_rate_pct,inventory_turnover_pct,need_reorder_products,fill_rate_rank,inventory_health
2012,7,GenZ,Trendy,1314,416,94.7,95.78,24.06,80.00,86.67,23.16,0,8,Critical Stockout
2012,7,Streetwear,Performance,2928,922,93.0,96.32,24.42,75.44,54.39,22.98,0,6,Critical Stockout
2012,7,Casual,All-weather,497,158,92.9,96.04,24.43,75.00,56.25,23.30,0,7,Critical Stockout
2012,7,Streetwear,Everyday,7675,2401,94.5,96.43,24.11,71.76,78.82,22.76,0,5,Critical Stockout
2012,7,Streetwear,Balanced,2589,816,92.4,96.52,24.53,64.44,44.44,23.01,0,4,Critical Stockout
2012,7,Streetwear,Standard,498,161,91.3,97.29,24.73,62.50,28.13,23.89,0,1,Critical Stockout
2012,7,Outdoor,Activewear,7764,2438,93.3,96.87,24.35,60.77,57.69,22.89,0,2,Critical Stockout
2012,7,Outdoor,Premium,433,139,92.8,96.67,24.44,53.33,73.33,23.64,0,3,Critical Stockout
2012,8,Streetwear,Standard,514,202,131.5,95.68,31.39,81.48,33.33,27.26,0,5,Critical Stockout
2012,8,Streetwear,Balanced,2941,1076,119.3,88.27,31.4,81.48,29.63,25.50,0,8,Critical Stockout
2012,8,Streetwear,Everyday,8536,2836,89.2,93.65,29.43,74.74,45.26,23.87,0,6,Critical Stockout
2012,8,Outdoor,Premium,585,367,71.1,91.05,34.1,73.68,26.32,35.87,0,7,Critical Stockout
2012,8,GenZ,Trendy,1463,490,109.8,96.83,23.41,70.00,45.00,23.96,0,3,Critical Stockout
2012,8,Outdoor,Activewear,8530,3660,91.1,95.96,28.62,68.94,25.76,28.42,0,4,Critical Stockout
2012,8,Streetwear,Performance,3146,1167,105.6,97.18,25.94,59.32,37.29,25.89,0,2,Critical Stockout
2012,8,Casual,All-weather,534,185,104.7,97.45,26.72,52.94,35.29,24.57,0,1,Critical Stockout
2012,9,GenZ,Trendy,1506,293,198.5,95.61,16.75,84.21,84.21,15.88,0,4,Critical Stockout
2012,9,Outdoor,Premium,692,451,81.4,89.37,34.85,76.19,28.57,36.70,0,8,Critical Stockout
2012,9,Streetwear,Balanced,3077,894,153.4,92.28,27.48,66.67,50.00,21.72,0,7,Critical Stockout
2012,9,Streetwear,Everyday,8885,1838,170.9,94.83,22.92,65.63,70.83,16.61,0,6,Critical Stockout
2012,9,Casual,All-weather,561,133,143.3,96.67,21.35,64.71,64.71,18.60,0,3,Critical Stockout
2012,9,Outdoor,Activewear,9159,2920,124.6,95.61,25.65,61.27,47.89,23.20,0,4,Critical Stockout
2012,9,Streetwear,Standard,493,123,122.6,97.07,22.98,60.00,52.00,19.77,0,1,Critical Stockout
2012,9,Streetwear,Performance,3146,651,160.9,97.07,20.32,60.00,70.00,16.72,0,1,Critical Stockout
2012,10,Streetwear,Standard,539,157,150.8,93.57,23.78,82.14,50.00,21.87,0,6,Critical Stockout
2012,10,Streetwear,Performance,3315,460,255.2,95.94,16.49,71.67,76.67,11.93,0,4,Critical Stockout
2012,10,Streetwear,Balanced,3133,819,148.0,92.86,25.01,65.31,59.18,20.03,0,7,Critical Stockout
2012,10,Streetwear,Everyday,9174,1630,192.7,95.02,20.37,63.92,74.23,14.69,0,5,Critical Stockout
2012,10,Outdoor,Premium,835,413,151.9,90.76,28.8,63.64,50.00,31.10,0,8,Critical Stockout
2012,10,Outdoor,Activewear,10092,2788,151.0,96.37,24.06,63.19,56.94,20.92,0,3,Critical Stockout
2012,10,GenZ,Trendy,1547,228,259.1,96.83,16.49,60.00,80.00,12.58,0,2,Critical Stockout
2012,10,Casual,All-weather,559,127,204.1,98.63,20.87,29.41,70.59,18.07,0,1,Overstock Risk
2012,11,GenZ,Trendy,1516,124,593.7,96.45,8.04,80.00,93.33,7.48,0,4,Critical Stockout
2012,11,Streetwear,Balanced,3245,730,176.4,95.25,22.66,76.60,65.96,17.78,0,7,Critical Stockout
2012,11,Streetwear,Everyday,9262,1190,321.3,95.78,16.24,73.33,76.67,11.18,0,6,Critical Stockout
2012,11,Streetwear,Performance,3176,340,270.8,96.67,16.06,73.08,67.31,9.53,0,1,Critical Stockout
2012,11,Outdoor,Premium,922,436,168.7,92.43,28.34,72.73,40.91,30.36,0,8,Critical Stockout
2012,11,Outdoor,Activewear,10930,3268,143.6,96.44,22.62,69.86,64.38,22.17,0,5,Critical Stockout
2012,11,Streetwear,Standard,515,69,244.4,96.67,16.06,65.22,78.26,11.73,0,1,Critical Stockout
2012,11,Casual,All-weather,568,94,220.3,96.46,16.02,62.50,75.00,13.95,0,3,Critical Stockout
2012,12,Streetwear,Balanced,3446,694,192.4,95.77,21.46,75.00,63.46,16.29,0,6,Critical Stockout
2012,12,Outdoor,Activewear,12891,7690,101.5,93.51,30.98,73.81,33.33,34.85,0,7,Critical Stockout
2012,12,Casual,All-weather,611,116,184.8,96.11,18.57,72.22,72.22,15.63,0,5,Critical Stockout
2012,12,Streetwear,Performance,3255,336,300.1,96.23,14.33,71.70,77.36,9.26,0,3,Critical Stockout
2012,12,Streetwear,Everyday,9520,1144,354.4,96.13,15.84,67.74,81.72,10.53,0,4,Critical Stockout
2012,12,GenZ,Trendy,1589,206,397.4,96.85,12.17,66.67,88.89,11.26,0,2,Critical Stockout
2012,12,Streetwear,Standard,487,73,239.2,97.08,18.95,58.33,70.83,12.97,0,1,Critical Stockout
2012,12,Outdoor,Premium,1024,555,146.7,93.33,31.55,56.52,26.09,33.08,0,8,Critical Stockout
2013,1,Streetwear,Balanced,3577,688,200.7,95.93,19.52,80.00,76.00,15.68,0,7,Critical Stockout
2013,1,GenZ,Trendy,1523,105,600.2,95.55,8.65,80.00,93.33,6.39,0,8,Critical Stockout
